filename,label
audio_128.wav,2.7780786
audio_156.wav,3.9269357
audio_19.wav,3.517463
audio_108.wav,2.3983836
audio_206.wav,2.965653
audio_161.wav,2.7457266
audio_215.wav,3.104578
audio_213.wav,2.599856
audio_11.wav,3.5103035
audio_155.wav,2.8936698
audio_39.wav,3.123305
audio_168.wav,3.1448135
audio_133.wav,2.471092
audio_28.wav,3.2272756
audio_40.wav,3.2558107
audio_181.wav,2.7357082
audio_201.wav,3.0572429
audio_182.wav,3.11025
audio_126.wav,2.7531626
audio_10.wav,2.7185082
audio_134.wav,2.3327305
audio_69.wav,3.5307705
audio_112.wav,3.0585952
audio_180.wav,2.9875546
audio_177.wav,3.471397
audio_77.wav,4.9096446
audio_111.wav,3.4985733
audio_18.wav,3.8494883
audio_175.wav,4.123056
audio_33.wav,3.2863944
audio_15.wav,2.823135
audio_4.wav,3.8709705
audio_27.wav,2.656849
audio_96.wav,2.5702891
audio_116.wav,3.019078
audio_1.wav,2.6909645
audio_22.wav,3.7976575
audio_114.wav,2.3783984
audio_146.wav,2.8357506
audio_46.wav,4.7633233
audio_144.wav,3.0833511
audio_75.wav,4.549221
audio_200.wav,3.164802
audio_196.wav,2.5067341
audio_190.wav,3.4016757
audio_158.wav,2.5281384
audio_17.wav,2.3605988
audio_105.wav,3.5112634
audio_141.wav,2.6379035
audio_129.wav,3.8125653
audio_6.wav,4.022891
audio_70.wav,5
audio_35.wav,3.3024673
audio_203.wav,2.9439
audio_90.wav,3.770055
audio_16.wav,2.8802574
audio_138.wav,3.3569064
audio_100.wav,3.5783675
audio_115.wav,2.7596433
audio_118.wav,3.2487807
audio_137.wav,4.007197
audio_101.wav,3.378746
audio_193.wav,2.7012067
audio_102.wav,3.657254
audio_52.wav,3.5231767
audio_172.wav,2.783864
audio_191.wav,3.1435072
audio_194.wav,2.8381093
audio_67.wav,3.2347715
audio_160.wav,3.1020648
audio_179.wav,2.0925145
audio_55.wav,3.4487462
audio_145.wav,2.954854
audio_197.wav,3.0240781
audio_139.wav,2.7141817
audio_91.wav,3.9079664
audio_8.wav,2.8618705
audio_136.wav,2.7131293
audio_199.wav,2.958813
audio_110.wav,3.650636
audio_208.wav,2.8011284
audio_152.wav,3.8944197
audio_94.wav,3.8643007
audio_174.wav,4.0105114
audio_23.wav,3.134421
audio_56.wav,3.6328068
audio_97.wav,3.0560672
audio_148.wav,2.9348361
audio_59.wav,3.0594802
audio_5.wav,2.6502106
audio_119.wav,2.9022245
audio_80.wav,3.2665422
audio_58.wav,3.292565
audio_123.wav,3.4631844
audio_188.wav,2.812627
audio_121.wav,2.823946
audio_107.wav,3.465593
audio_214.wav,3.3004768
audio_73.wav,4.564947
audio_169.wav,3.4089384
audio_7.wav,2.8399253
audio_42.wav,3.3202996
audio_88.wav,4.4946613
audio_64.wav,2.9069421
audio_195.wav,3.695427
audio_57.wav,3.3442082
audio_13.wav,3.2023327
audio_125.wav,2.7057562
audio_209.wav,2.840004
audio_211.wav,3.4952955
audio_63.wav,3.047782
audio_86.wav,4.7820044
audio_78.wav,4.5280643
audio_38.wav,3.628029
audio_186.wav,2.6973133
audio_154.wav,2.698603
audio_21.wav,2.667967
audio_120.wav,2.702513
audio_183.wav,2.3701878
audio_25.wav,3.3981812
audio_122.wav,2.6944814
audio_36.wav,4.623424
audio_76.wav,4.398242
audio_163.wav,2.3702068
audio_83.wav,3.5316908
audio_103.wav,2.9356887
audio_93.wav,2.9617593
audio_26.wav,3.3870366
audio_72.wav,4.4797883
audio_210.wav,3.3559809
audio_104.wav,2.8138053
audio_81.wav,3.5198371
audio_166.wav,3.2715983
audio_202.wav,2.2388382
audio_185.wav,2.4262214
audio_9.wav,2.9607
audio_207.wav,2.6146262
audio_127.wav,3.081853
audio_12.wav,3.3447247
audio_132.wav,2.886697
audio_109.wav,2.447331
audio_32.wav,3.271384
audio_178.wav,4.1242437
audio_61.wav,3.045207
audio_34.wav,3.6623762
audio_106.wav,3.1351542
audio_49.wav,4.281305
audio_149.wav,2.938558
audio_30.wav,4.038058
audio_131.wav,2.6452346
audio_162.wav,2.5681767
audio_204.wav,3.6288443
audio_198.wav,2.9635456
audio_135.wav,2.8184888
audio_187.wav,2.9461613
audio_3.wav,2.6931152
audio_98.wav,3.5955546
audio_159.wav,2.980141
audio_167.wav,3.0761256
audio_205.wav,3.1455595
audio_95.wav,3.0761611
audio_68.wav,3.313509
audio_31.wav,4.40622
audio_157.wav,3.7174497
audio_89.wav,3.969188
audio_82.wav,3.3316984
audio_53.wav,3.1714356
audio_37.wav,4.607101
audio_113.wav,3.1596682
audio_85.wav,4.535152
audio_173.wav,3.8769119
audio_41.wav,4.531768
audio_51.wav,2.892677
audio_143.wav,3.0759075
audio_92.wav,3.468846
audio_74.wav,4.1776295
audio_0.wav,2.865542
audio_147.wav,3.2079968
audio_130.wav,2.3884406
audio_192.wav,2.406562
audio_43.wav,4.597463
audio_65.wav,2.7199905
audio_14.wav,3.2114906
audio_117.wav,2.889713
audio_212.wav,3.1939213
audio_79.wav,3.5521052
audio_171.wav,2.1647902
audio_60.wav,3.2685058
audio_153.wav,3.607393
audio_176.wav,3.1868896
audio_2.wav,2.7491822
audio_50.wav,4.0111628
audio_29.wav,3.4174244
audio_142.wav,3.4107838
audio_47.wav,2.8260796
audio_84.wav,3.4328969
audio_164.wav,2.5828617
audio_48.wav,4.046428
audio_189.wav,3.5399303
audio_151.wav,3.25179
audio_66.wav,2.5942543
audio_44.wav,2.9363856
audio_150.wav,3.3309886
audio_87.wav,3.5441835
audio_99.wav,3.021606
audio_62.wav,3.6363566
audio_20.wav,2.5894268
audio_124.wav,3.3564377
audio_54.wav,4.0934534
audio_45.wav,4.8607936
audio_71.wav,4.331274
audio_184.wav,3.3296282
audio_24.wav,2.1756651
audio_140.wav,3.645848
audio_165.wav,3.211119
audio_170.wav,2.9298615
